team_id,rs_factor,ra_factor,team_abbr,rs_per_game,ra_per_game,run_diff,win_pct,expected_wins,save_opportunities,hold_opportunities,expected_saves,save_conversion_rate,n_hitters,n_projected,team_factor,pa_reserve_share,ip_reserve_share
119,1.115,0.897,LAD,4.961,3.992,156.946,0.6,97.268,68.355,83.609,46.481,0.68,87,24,1.125,0.0,0.0
147,1.074,0.921,NYY,4.78,4.1,110.057,0.571,92.528,65.841,81.75,44.772,0.68,92,22,1.088,0.0,0.0
117,1.074,0.99,HOU,4.78,4.404,60.859,0.539,87.238,62.997,79.613,42.838,0.68,107,26,1.045,0.0,0.0
143,1.011,0.947,PHI,4.497,4.214,45.804,0.53,85.875,62.257,79.051,42.335,0.68,98,19,1.026,0.0,0.0
136,1.017,0.963,SEA,4.526,4.287,38.72,0.525,85.086,61.828,78.723,42.043,0.68,91,25,1.0,0.0,0.0
134,0.993,0.94,PIT,4.417,4.183,37.869,0.525,85.066,61.817,78.715,42.036,0.68,101,27,0.972,0.0,0.0
121,1.048,0.997,NYM,4.661,4.438,36.274,0.523,84.741,61.64,78.579,41.915,0.68,106,22,1.04,0.0,0.0
144,1.032,0.983,ATL,4.592,4.375,35.238,0.523,84.672,61.602,78.55,41.889,0.68,81,21,1.022,0.0,0.0
111,0.96,0.93,BOS,4.27,4.137,21.57,0.514,83.349,60.879,77.996,41.398,0.68,95,24,0.986,0.0,0.0
116,1.017,0.986,DET,4.526,4.388,22.341,0.514,83.333,60.87,77.989,41.392,0.68,90,23,1.012,0.0,0.0
112,1.023,0.998,CHC,4.554,4.439,18.657,0.512,82.934,60.651,77.821,41.243,0.68,91,17,1.058,0.0,0.0
137,1.007,0.983,SF,4.482,4.375,17.202,0.511,82.802,60.579,77.765,41.194,0.68,97,30,0.986,0.0,0.0
135,1.004,0.985,SD,4.468,4.385,13.44,0.509,82.405,60.361,77.597,41.046,0.68,105,31,1.006,0.0,0.0
139,0.967,0.958,TB,4.305,4.265,6.41,0.504,81.679,59.962,77.289,40.774,0.68,85,20,0.964,0.0,0.0
158,0.971,0.968,MIL,4.32,4.307,2.182,0.501,81.221,59.709,77.093,40.602,0.68,84,19,1.031,0.0,0.0
142,1.008,1.011,MIN,4.487,4.5,-2.085,0.499,80.768,59.459,76.9,40.432,0.68,93,24,1.005,0.0,0.0
114,0.986,0.995,CLE,4.39,4.426,-5.799,0.496,80.372,59.24,76.73,40.284,0.68,88,23,0.967,0.0,0.0
133,1.027,1.038,OAK,4.571,4.618,-7.573,0.495,80.207,59.15,76.659,40.222,0.68,94,25,1.002,0.0,0.0
118,1.014,1.037,KC,4.51,4.613,-16.689,0.489,79.261,58.625,76.251,39.865,0.68,88,21,0.991,0.0,0.0
110,0.973,0.996,BAL,4.33,4.434,-16.937,0.489,79.184,58.583,76.217,39.836,0.68,98,28,0.987,0.0,0.0
141,0.992,1.028,TOR,4.416,4.575,-25.664,0.483,78.306,58.095,75.836,39.504,0.68,104,22,0.987,0.0,0.0
145,1.0,1.039,CWS,4.452,4.626,-28.194,0.482,78.062,57.959,75.729,39.412,0.68,117,32,0.965,0.0,0.0
109,1.008,1.053,ARI,4.484,4.685,-32.467,0.479,77.643,57.726,75.546,39.253,0.68,96,22,1.048,0.0,0.0
113,0.98,1.029,CIN,4.362,4.58,-35.349,0.477,77.281,57.524,75.388,39.116,0.68,96,23,0.972,0.0,0.0
140,0.963,1.012,TEX,4.284,4.505,-35.738,0.477,77.194,57.475,75.349,39.083,0.68,103,26,0.955,0.0,0.0
146,0.944,1.014,MIA,4.202,4.513,-50.363,0.467,75.613,56.59,74.651,38.481,0.68,101,18,0.95,0.0,0.0
108,0.953,1.051,LAA,4.24,4.675,-70.57,0.454,73.585,55.448,73.743,37.704,0.68,111,26,0.936,0.0,0.0
120,0.968,1.077,WSH,4.307,4.792,-78.474,0.45,72.878,55.048,73.424,37.433,0.68,94,21,0.987,0.0,0.0
138,0.918,1.039,STL,4.085,4.624,-87.376,0.442,71.679,54.367,72.877,36.97,0.68,97,22,0.937,0.0,0.0
115,0.953,1.134,COL,4.24,5.044,-130.294,0.418,67.771,52.128,71.062,35.447,0.68,104,32,0.95,0.0,0.0
